,gini_rank,perm_rank,shap_rank,gini_val,perm_val,shap_val
dp_df_Mok_Hok_Sok,5,5,1,0.03351908704553675,0.040715167548500984,0.02012335930704569
dp_padloc_PDC-S13,3,2,2,0.04761735007799603,0.0606947816163504,0.017753334894494113
dp_df_FS_Sma,1,12,3,0.05552205270327772,0.009144361448283107,0.017482825918566966
dp_df_Abi2,2,1,4,0.05280075731351052,0.08243645606390716,0.016014389833744563
dp_RosmerTA,15,17,5,0.015390971612915963,0.005355327316111728,0.013770614101897378
dp_df_MazEF,16,264,6,0.015299712681544082,-0.01158481170245866,0.013762241566632092
dp_padloc_PDC-M24,4,19,7,0.03728839427600497,0.004648926237161562,0.013695198616432916
dp_padloc_PDC-S02,12,13,8,0.021756733519706237,0.00823607220666055,0.012573620991097252
dp_Mokosh_TypeII,13,4,9,0.01949168381604317,0.04115323166303573,0.01255001390877993
dp_SspBCDE,6,160,10,0.031579262387523205,0.0,0.012495811655776389
dp_padloc_PDC-S05,11,8,11,0.02398279767885127,0.02126060794688257,0.012433101577124761
dp_padloc_PDC-M30,7,10,12,0.029479844608109172,0.018520334059549882,0.0119877642194462
dp_Gabija,32,265,13,0.00769207842527353,-0.02924758792405837,0.011717959024024699
dp_CAS_I-F,21,3,14,0.012204317409411344,0.052305944600062354,0.01052568433870362
dp_df_SDIC3,18,47,15,0.014446249428684763,0.00022891378773736887,0.009912183639927363
dp_PD-T4-3,8,6,16,0.02647022001885195,0.031823944392571975,0.009752454487715088
dp_RM_Type_I,14,261,17,0.015490146846626713,-0.006406577445793053,0.009040977814964539
dp_padloc_RM_type_HNH,10,9,18,0.02529460246676293,0.020557941695196716,0.00800056746818561
dp_padloc_PDC-S09,19,7,19,0.01433463682881311,0.023670297748729252,0.007679804003669733
dp_df_Prometheus,31,21,20,0.00821827509496457,0.002772279282083253,0.006363169488230468
dp_padloc_PDC-S15,17,245,21,0.015204866743517892,-0.0008896151053013704,0.006321392719981556
dp_CAS_I-E,30,11,22,0.008713258697654241,0.013796192551094629,0.005861888681152268
dp_PD-T4-5,25,60,23,0.010424034846646313,7.910571636064272e-05,0.005626931298574092
dp_df_AbiH,9,262,24,0.026196168889760178,-0.0072650689905591126,0.0050629956204471345
dp_CBASS_III,22,20,25,0.012136039592529693,0.002963274198568359,0.004750971837333938
dp_Gao_Qat,29,39,26,0.009596328657837067,0.00036310820624549194,0.004004422277897033
dp_df_AbiJ,20,248,27,0.013557409981794973,-0.0012290694055399028,0.0037649647763380125
dp_df_RloC,33,28,28,0.007093802438634582,0.0007508558979147373,0.003641495979533456
dp_AbiD,38,24,29,0.005906073623325625,0.0012696337794377733,0.003572253787757813
dp_padloc_PDC-S06,42,26,30,0.005338318863883688,0.0009650897395995673,0.0033164202705012417
dp_DRT_2,80,258,31,0.0023653398758957246,-0.005416277622159956,0.003292960537799461
dp_df_Prithvi,27,14,32,0.009997861721660745,0.0077308330739705115,0.0030981586225388995
dp_padloc_PDC-S20,50,44,33,0.004409463954220842,0.00023342670401493848,0.0025631105335660316
dp_df_PD-T7-2,65,23,34,0.003170586395227899,0.0016417678182384006,0.0024043009508849453
dp_padloc_PDC-S67,46,16,35,0.004838595681563955,0.005932513746239368,0.0023959352452490802
dp_CAS_IV-A,43,31,36,0.005247752041274255,0.0007407407407407677,0.002300373451989826
dp_Septu,51,234,37,0.004316342987779126,-0.0003571428571428559,0.002296126547286004
dp_Wadjet_I,34,15,38,0.007083031011704751,0.006102811494968515,0.002282192850522488
dp_Hachiman,35,260,39,0.006872297085335591,-0.00613341632949473,0.0022516160468349484
dp_RM_Type_II,28,243,40,0.009914748761784574,-0.0007879448075525985,0.0022342706498389097
dp_df_GAPS1,41,137,41,0.005515959223869767,0.0,0.0019762717277026025
dp_BREX_I,61,259,42,0.003340489572354779,-0.0060690943043884005,0.001837729053843343
dp_Dodola,40,56,43,0.005550563312883895,9.337068160597539e-05,0.001784355614430547
dp_GAO_19,75,251,44,0.0026787005186598785,-0.0016539578794480647,0.0017628209333122662
dp_df_Avs_II,56,66,45,0.0038386798386001474,4.6685340802987696e-05,0.0017156070744925357
dp_df_VP1839,44,256,46,0.0050931087323270756,-0.003602292768959392,0.001679818445484822
dp_df_PD-T7-5,96,41,47,0.0017445769040430742,0.0002785558667911673,0.001626103117061077
dp_padloc_ietAS,103,252,48,0.0016035179803647358,-0.0017662620603796975,0.0016212954126441908
dp_df_TIR-III,55,63,49,0.0038689297639523078,4.6685340802987696e-05,0.001526558583632037
dp_cas_type_other,54,237,50,0.00388632421282075,-0.0005555555555555351,0.0014636432309556486
dp_df_DS-24,36,202,51,0.0065648628948255785,0.0,0.001459914966643585
dp_df_PD-T7-1,49,87,52,0.004417618305030968,0.0,0.0014506672052259347
dp_padloc_PD-T7-1or5,60,32,53,0.003455570912547216,0.0006859632741985866,0.0014204391207512394
dp_PARIS_I,57,242,54,0.003750310992190097,-0.0007843137254901895,0.0013774989705026778
dp_AVAST_II,39,233,55,0.005669213325568737,-0.00030864197530863964,0.0013377181622383852
dp_PD-Lambda-1,23,33,56,0.011942315946567434,0.0006419753086420621,0.0013171057689893228
dp_padloc_PDC-S11,83,247,57,0.0021416659522364764,-0.0012148563128955218,0.0012727861088520731
dp_Lamassu,58,236,58,0.0037416222883240925,-0.0004953833385205904,0.0012690832201416806
dp_RM_Type_IIG,78,42,59,0.0024173378485888757,0.0002754435107376496,0.001235723273678095
dp_Mokosh_TypeI_A,107,254,60,0.0015143899362138604,-0.0031279178338001644,0.0011980251535639941
dp_df_UG4,66,74,61,0.003079242324808354,0.0,0.001134418680271242
dp_Thoeris_I,68,235,62,0.002944078723404549,-0.0003815748521630802,0.0010863313836706587
dp_Shedu,67,253,63,0.0029630446315253656,-0.0018863990040460465,0.0009854197915678525
dp_padloc_PDC-M18,64,139,64,0.003208103640301789,0.0,0.0009700302164780149
dp_Pif,48,45,65,0.004504748316819971,0.00023342670401493848,0.0009526722491496665
dp_Gao_Mza,91,54,66,0.0018374771364913266,0.00013849984438220423,0.0008873605273377836
dp_cbass_other,122,55,67,0.0012973601163107985,9.337068160597539e-05,0.0008612135542316966
dp_Retron_I-B,62,151,68,0.003224808337937814,0.0,0.0008593432408741569
dp_Kiwa,73,46,69,0.0028493785910704166,0.00023342670401493848,0.0008587764575997041
dp_padloc_PDC-S08,72,51,70,0.0028525215414872004,0.00018518518518519193,0.000836289091271833
dp_df_TgvAB,53,37,71,0.004148272351521796,0.00037037037037038385,0.000836156325739178
dp_CBASS_II,85,22,72,0.0020898898986633865,0.0023513849984439545,0.0008323529160684445
dp_Pycsar,102,67,73,0.0016258899877708336,4.6685340802987696e-05,0.0008164310919765424
dp_df_RM_Type_IV_1,129,263,74,0.0012410073392053163,-0.008655202821869424,0.0007907115824651515
dp_Retron_III-A,52,152,75,0.00428779275546173,0.0,0.0007875539850958593
dp_DRT_3,69,227,76,0.0029049165400551026,-0.0001984126984126977,0.0007758489328947487
dp_Rst_3HP,99,155,77,0.0016919238153690283,0.0,0.0007504315367279285
dp_df_RM_Type_IIG_2,101,68,78,0.0016434207327446356,4.6685340802987696e-05,0.000745893700855913
dp_padloc_PDC-S24,112,223,79,0.0014381216180543782,-0.00015172735760971,0.0007450391451424951
dp_Rst_TIR-NLR,94,156,80,0.001795027123816734,0.0,0.0007233205171342118
dp_HEC-05,105,27,81,0.001530946507432035,0.0009494760867310196,0.0007034729003626328
dp_CBASS_I,89,246,82,0.0019740423317876703,-0.0009259259259259226,0.0006813570979529914
dp_padloc_PDC-S14,95,226,83,0.0017547942862946161,-0.0001984126984126977,0.0006700643261830125
dp_df_DS-36,71,62,84,0.00286540018227333,4.6685340802987696e-05,0.0006405173130855675
dp_padloc_PDC-S21,92,100,85,0.0018342829544433694,0.0,0.0006254065212610469
dp_df_DS-1,59,239,86,0.0034660731365227914,-0.0006172839506172793,0.0006142254655629264
dp_Thoeris_II,189,218,87,0.0004773388255898443,-4.6685340802987696e-05,0.0005757428918226306
dp_BstA,141,149,88,0.0010279817980832883,0.0,0.0005705176187933782
dp_AbiU,84,69,89,0.0020902310333152044,4.6685340802987696e-05,0.0005624972109002106
dp_df_Lamassu-Mrr,97,221,90,0.0017161905718654266,-4.6685340802987696e-05,0.0005611984866196652
dp_Druantia_III,79,30,91,0.002404296253280755,0.0007407407407407677,0.000557015985421438
dp_Dpd,120,57,92,0.0013898290682431021,9.337068160597539e-05,0.0005476091710419204
dp_PD-Lambda-3,125,59,93,0.0012660253762517273,9.337068160597539e-05,0.0005452303153616948
dp_df_dGTPase,82,123,94,0.0022263928810262374,0.0,0.0005430982142493303
dp_padloc_PDC-S31,74,18,95,0.0027261133182760683,0.005296296296296428,0.0005372035217480503
dp_DRT_other,117,249,96,0.0014098637514086696,-0.0012345679012345586,0.0005248796260682408
dp_padloc_HEC-06,81,132,97,0.002317145984070265,0.0,0.000524765903354825
dp_PD-Lambda-5,168,179,98,0.000686983503825258,0.0,0.0005181306668930657
dp_SEFIR,100,255,99,0.0016714826885042954,-0.0031289552858180135,0.000503455600895158
dp_Shango,77,158,100,0.002447829357471065,0.0,0.0005008471150594711
dp_padloc_AbiO-Nhi_family,126,130,101,0.0012498930001280128,0.0,0.0004865976304593703
dp_AbiL,116,196,102,0.0014110134843562136,0.0,0.0004836293296879412
dp_PsyrTA,115,148,103,0.0014201044097844708,0.0,0.00047293409778235014
dp_Rst_Helicase,109,34,104,0.0014885670845909884,0.0006296296296296466,0.0004541509693793281
dp_PARIS_II,162,177,105,0.0007438361010727619,0.0,0.0004448310424993921
dp_ShosTA,137,71,106,0.0011276479075318939,3.7037037037042823e-05,0.0004224668359179393
dp_df_Taranis,87,79,107,0.002027157694593344,0.0,0.00041870492688468244
dp_PrrC,93,182,108,0.0018213734386208508,0.0,0.00041864802460195977
dp_RM_Type_III,70,29,109,0.00287163753631279,0.0007407407407407677,0.0004108490331581334
dp_df_JukAB,133,25,110,0.0011991514152720163,0.0012511671335200998,0.0003952031394718438
dp_df_Nhi,118,85,111,0.0014097622295643631,0.0,0.00038999480335277125
dp_padloc_PDC-S36,110,228,112,0.0014765396904138908,-0.00023031434796140596,0.00038450756544870985
dp_padloc_PDC-S16,26,122,113,0.010385459729120276,0.0,0.0003805933216179121
dp_padloc_Uzume,136,40,114,0.0011678908039820456,0.0002917833800186805,0.00037855376346869425
dp_Zorya_I,88,244,115,0.002023268207013453,-0.0008641975308641932,0.00037764787722489656
dp_df_DS-9,143,52,116,0.000985303643751971,0.0001400560224089631,0.0003764368555925499
dp_Druantia_II,151,168,117,0.0008593195376922557,0.0,0.0003748528262067881
dp_df_DS-40,121,36,118,0.0013469768419216322,0.0004444444444444547,0.0003702692841997723
dp_df_DS-28,138,189,119,0.0011076124544533049,0.0,0.0003646004932130625
dp_df_SDIC4,98,70,120,0.0017039052556861902,4.6685340802987696e-05,0.0003640845966403135
dp_dXTPase,106,205,121,0.0015289231045377194,0.0,0.00036265112089625483
dp_DarTG,159,250,122,0.0007674639276107382,-0.0012345679012345586,0.0003621175160210545
dp_df_Erebus,154,200,123,0.0008226547321253281,0.0,0.00035586899593596555
dp_df_DS-34,114,97,124,0.0014229773777974224,0.0,0.00035199429367765815
dp_Gao_Tmn,123,231,125,0.001285244733354239,-0.00030864197530863964,0.00034804271723034463
dp_df_Mokosh_Type_I_C,142,78,126,0.0010075770307224861,0.0,0.0003340021880774542
dp_Stk2,264,161,127,1.2920803512481526e-05,0.0,0.00032599458676181104
dp_df_6A_MBL,108,38,128,0.001503357756022293,0.00037037037037038385,0.00031747879646749346
dp_df_CapRel,149,204,129,0.0008735136779945475,0.0,0.0003149894113829897
dp_padloc_PDC-S66,220,117,130,0.00029454812215542184,0.0,0.00031399511840230556
dp_HEC-09,119,61,131,0.0013990215393121965,6.172839506174421e-05,0.0003129366551460578
dp_Olokun,104,257,132,0.0015852401772913456,-0.005370370370370351,0.00030956335498361873
dp_df_Hypnos,86,80,133,0.0020657763074204568,0.0,0.0003016433674151842
dp_df_NLR_like_bNACHT01,111,96,134,0.0014714948111121898,0.0,0.00030025962998237436
dp_df_AbiAlpha,191,43,135,0.0004688720054176162,0.000268907563025215,0.00028604122827626807
dp_padloc_PDC-S53,178,114,136,0.0005445406371085588,0.0,0.0002842551541437403
dp_Retron_I-C,134,49,137,0.001190445028205968,0.00022222222222222736,0.00028154724209108117
dp_padloc_PDC-S55,146,115,138,0.0009226429100750362,0.0,0.00027629774985185764
dp_Retron_IV,195,153,139,0.0004436632945773535,0.0,0.00027573544143974466
dp_padloc_PDC-S25,132,241,140,0.0012003983874260499,-0.0006172839506172793,0.0002684698216334583
dp_df_DS-19,200,187,141,0.0004082063539878332,0.0,0.00026827386049403987
dp_Tiamat,183,164,142,0.0005149413305684733,0.0,0.00026607148454187916
dp_PD-Lambda-2,152,232,143,0.0008453752474868906,-0.00030864197530863964,0.00026132709907499674
dp_padloc_PDC-S39,76,107,144,0.0025599007919288163,0.0,0.0002591349573940336
dp_df_DS-6,171,220,145,0.0006672604861652233,-4.6685340802987696e-05,0.0002561101401867078
dp_padloc_PDC-S26,139,222,146,0.0011053985433830285,-0.00011022927689593453,0.00025254012510190067
dp_HEC-08,176,238,147,0.0005704584762762157,-0.0005705986098142916,0.00024709060633854073
dp_Menshen,128,225,148,0.001241114083737321,-0.00018518518518518453,0.00024675253505842626
dp_HEC-04,217,219,149,0.00030445098574098146,-4.6685340802987696e-05,0.00023793362018462326
dp_DRT_4,124,65,150,0.0012664960287619945,4.6685340802987696e-05,0.00021612715154847804
dp_DRT_type_III,172,165,151,0.0006653596759700268,0.0,0.0002161080627916407
dp_padloc_PDC-S37,148,106,152,0.0008777558106304581,0.0,0.0002113933024711888
dp_CAS_III-A,222,184,153,0.00029099515627196374,0.0,0.00021124611500388012
dp_df_dCTPdeaminase,155,98,154,0.0008213662971667868,0.0,0.00021079816258956163
dp_padloc_PDC-M53,187,143,155,0.0004890301606001258,0.0,0.00020817492754826277
dp_df_DS-14,228,194,156,0.00026549957147457116,0.0,0.00020390050360161865
dp_DRT8,196,159,157,0.0004289001767441894,0.0,0.0002025168284017097
dp_Gao_Hhe,197,172,158,0.0004260805789814812,0.0,0.0001997108143201155
dp_df_Sucellos,188,89,159,0.00048263177609303003,0.0,0.00019810528462264063
dp_PD-T7-4,156,58,160,0.0008106828573798051,9.337068160597539e-05,0.00019608773436829576
dp_Retron_II-A,164,64,161,0.0007393813492428094,4.6685340802987696e-05,0.00018869627295663673
dp_df_gcu24,161,125,162,0.0007476987457437366,0.0,0.00018513390326195157
dp_df_DS-12B,214,203,163,0.00032735277978328985,0.0,0.00018096877476443123
dp_DISARM_I,131,162,164,0.001214287220430921,0.0,0.000179340396491122
dp_padloc_PDC-S45,135,109,165,0.0011788957419369703,0.0,0.00017329017081509093
dp_padloc_PDC-S18,153,99,166,0.0008316877756298729,0.0,0.00017164889293784112
dp_df_Lamassu-Lipase,227,77,167,0.0002679660378209697,0.0,0.0001663338505691755
dp_Borvo,166,206,168,0.0007069128825464956,0.0,0.00016065004078400397
dp_padloc_PDC-S73,225,118,169,0.00028513005416417865,0.0,0.000159429185371071
dp_df_Nantosuelta,174,35,170,0.0006127872838867707,0.00053781512605043,0.0001585499379079902
dp_padloc_PDC-S29,194,103,171,0.0004445273258615494,0.0,0.00015752280746410816
dp_wadjet_other,165,147,172,0.0007091707076389337,0.0,0.0001558413401028894
dp_padloc_PDC-M01,157,135,173,0.0007885067302685916,0.0,0.00015581171954498195
dp_df_SanaTA,240,94,174,0.00021493137543768695,0.0,0.000154530231939621
dp_Druantia_I,186,175,175,0.0004962412393166723,0.0,0.00015078370658931165
dp_pAgo_III,150,129,176,0.0008658213492201615,0.0,0.00015059119631497878
dp_df_DS-39,206,197,177,0.00035131276408325093,0.0,0.00014556347828233675
dp_padloc_Juk,208,133,178,0.00034840385955712,0.0,0.0001404153739042932
dp_df_PfiAT,140,82,179,0.0010556559579309628,0.0,0.00013964392640262982
dp_Gao_Ppl,158,163,180,0.0007677097802324796,0.0,0.00013591890482225394
dp_AbiC,47,186,181,0.004639480673513956,0.0,0.0001327116920990356
dp_df_DS-33,145,192,182,0.0009524727037846593,0.0,0.00013026994350328575
dp_df_UG17,170,75,183,0.0006795602218652886,0.0,0.00012964585865361155
dp_df_DS-37,247,193,184,0.0001766605070595596,0.0,0.000128245097532799
dp_Dnd_ABCDE,213,166,185,0.00032756671910148474,0.0,0.00012704446991191484
dp_df_CoCoNut_III-A,175,216,186,0.0005977117758045618,0.0,0.00012348312530206522
dp_padloc_PDC-S49,207,112,187,0.0003493415038003227,0.0,0.00012332133853598136
dp_df_Sirona,212,95,188,0.00033061372343638334,0.0,0.00011644454801669855
dp_df_TIR-IV,177,81,189,0.0005597996964663911,0.0,0.00011468000227928178
dp_df_VP1851,199,90,190,0.00041841751159622055,0.0,0.00011316940017292222
dp_padloc_PDC-S42,144,53,191,0.0009637964110165423,0.0001400560224089631,0.00011212602473950624
dp_CAS_I-C,241,183,192,0.00021063873478459924,0.0,0.00010963270992510987
dp_df_CoCoNut_II,244,215,193,0.00018119065273007557,0.0,0.0001073598339485577
dp_padloc_PDC-S32,185,48,194,0.000497206556024578,0.00022222222222222736,0.00010192092622296214
dp_padloc_PDC-S47,216,111,195,0.0003175856009807579,0.0,0.00010144727752919847
dp_df_Lamassu-DS-30,163,76,196,0.0007397995416268717,0.0,9.37071731497889e-05
dp_Retron_I-A,63,150,197,0.003210073913981518,0.0,9.10006235742099e-05
dp_padloc_PDC-S01,90,124,198,0.0018997496384966393,0.0,9.068350875209285e-05
dp_padloc_PDC-S33,130,104,199,0.0012157357933373176,0.0,9.037512742293241e-05
dp_padloc_PDC-M11,252,146,200,0.0001274223240074504,0.0,9.009186187849739e-05
dp_df_Thoeris_III,204,224,201,0.0003608357614027595,-0.00018518518518518453,8.996099279326875e-05
dp_df_Hna,236,86,202,0.00023409823487272846,0.0,8.758263110751942e-05
dp_df_Eleos,184,199,203,0.0005118817742355499,0.0,8.656886863534401e-05
dp_padloc_PDC-M26,202,141,204,0.0003768018151557621,0.0,8.042581781223355e-05
dp_cbass_IIs,203,185,205,0.0003755547356986262,0.0,7.775474239707097e-05
dp_padloc_PDC-S52,250,240,206,0.00015407648731668332,-0.0006172839506172793,7.506989038805781e-05
dp_padloc_PDC-S35,180,105,207,0.0005427559969604644,0.0,7.494281244133545e-05
dp_padloc_PDC-M62,201,144,208,0.00038718025314253226,0.0,7.39912831680457e-05
dp_DRT9,253,157,209,0.0001259426283868083,0.0,7.344994796848623e-05
dp_HEC-01,193,212,210,0.0004580281448670982,0.0,7.315164426841502e-05
dp_padloc_PDC-S43,205,108,211,0.0003525797263961701,0.0,7.088752403593062e-05
dp_GAO_29,243,174,212,0.00019188634400324673,0.0,6.816663849086951e-05
dp_GAO_20,224,229,213,0.00028528446064263863,-0.00030864197530863964,6.785021193436472e-05
dp_padloc_PDC-S19,248,121,214,0.00017619489722514866,0.0,6.716866038087789e-05
dp_df_Gao_RL,226,83,215,0.00027866037839379527,0.0,6.712471231960566e-05
dp_df_DS-4,179,50,216,0.0005433820978973159,0.00022222222222222736,6.273665126565313e-05
dp_padloc_Old,242,134,217,0.00020700825467889286,0.0,6.22050795941125e-05
dp_PARIS_II_merge,234,178,218,0.00024259724622020598,0.0,6.046939869176096e-05
dp_padloc_PDC-M06,160,136,219,0.0007562206163562505,0.0,6.021098360288976e-05
dp_padloc_dsr1,223,119,220,0.00028916284857610606,0.0,5.835701177762483e-05
dp_Retron_VI,198,154,221,0.0004213366488515227,0.0,5.811191399296869e-05
dp_druantia_other,257,127,222,9.012643102694514e-05,0.0,5.7945013096794186e-05
dp_df_CoCoNut_I-A,235,213,223,0.00023418378913425428,0.0,5.730129946389522e-05
dp_padloc_PDC-S28,209,102,224,0.00034528339113731876,0.0,5.649081378963577e-05
dp_padloc_PDC-M66,173,145,225,0.0006128557520583811,0.0,5.461820756865751e-05
dp_df_Avs_V,249,210,226,0.0001688510987827127,0.0,5.2741182344791185e-05
dp_PD-T4-7,231,180,227,0.00025664699225987303,0.0,5.086766906368963e-05
dp_padloc_Dynamins,190,131,228,0.00047230221202229893,0.0,5.038444700124108e-05
dp_df_DS-17,237,201,229,0.0002200887957713369,0.0,4.94996380399816e-05
dp_padloc_PDC-S27,233,101,230,0.0002488239472557489,0.0,4.860393335035938e-05
dp_padloc_PDC-S46,210,110,231,0.00033932229566075415,0.0,4.840644302126124e-05
dp_padloc_zorya_other,182,120,232,0.000516691526135801,0.0,4.7918920503079235e-05
dp_df_PD-T4-8,215,84,233,0.00032204224476202676,0.0,4.637482264326865e-05
dp_Gao_Iet_df,232,170,234,0.0002559099599751349,0.0,4.61528747074258e-05
dp_df_DS-38,262,195,235,3.2512002461975695e-05,0.0,4.586001054395607e-05
dp_padloc_PDC-M23,211,140,236,0.0003342080572627566,0.0,4.54640594634718e-05
dp_df_DS-31,229,190,237,0.00026300809217446935,0.0,4.3816897117965495e-05
dp_RADAR,169,167,238,0.0006828672926896164,0.0,4.1233533585550964e-05
dp_BREX_III,261,207,239,3.883590726854338e-05,0.0,4.06404053843065e-05
dp_df_Dsr_I,246,198,240,0.00017731241560040888,0.0,3.858104901701651e-05
dp_padloc_PDC-M38,147,142,241,0.0008818428494899996,0.0,3.695939599527387e-05
dp_df_DS-32,113,191,242,0.0014255111215125903,0.0,2.8992922960946476e-05
dp_df_FS_GIY_YIG,219,176,243,0.00030221195172198376,0.0,2.888386991253492e-05
dp_pAgo_I,254,128,244,0.00012373256492947688,0.0,2.637793069862127e-05
dp_df_RnlAB,218,72,245,0.0003031437332214676,0.0,2.5894686960141234e-05
dp_df_AbiZ,167,209,246,0.0006881989733822369,0.0,2.459588743024206e-05
dp_df_DS-10,245,208,247,0.00018052789472044128,0.0,2.1861886523513463e-05
dp_df_Gao_Her_DUF,265,230,248,6.46010977827867e-06,-0.00030864197530863964,1.7086730225024093e-05
dp_df_Old_exonuclease,251,93,249,0.00013299140733673693,0.0,1.4863568297237322e-05
dp_HEC-02,259,169,250,6.298936578322797e-05,0.0,1.4791939676008906e-05
dp_HEC-07,221,171,251,0.0002938065095766355,0.0,1.4124773140430124e-05
dp_padloc_PDC-S65,260,116,252,5.2373255795548874e-05,0.0,1.2525895156383545e-05
dp_df_DS-2,255,188,253,0.00012002437458846933,0.0,1.1686295578935732e-05
dp_df_Ogmios,192,88,254,0.00046759782616538625,0.0,1.167823317754875e-05
dp_padloc_PDC-S50,230,113,255,0.0002596117793868796,0.0,1.040106407557268e-05
dp_df_SoFic,258,92,256,8.129902679845601e-05,0.0,6.478027717694207e-06
dp_Hma,256,173,257,9.568349129735192e-05,0.0,6.402595345987217e-06
dp_Azaca,263,217,261,2.422580528739571e-05,0.0,0.0
dp_AbiQ,127,214,261,0.0012477266884050775,0.0,0.0
dp_df_AbiP2,24,211,261,0.011561727363852166,0.0,0.0
dp_df_SpbK,239,91,261,0.00021732071395081813,0.0,0.0
dp_df_VP1840,37,73,261,0.005996027506917482,0.0,0.0
dp_padloc_PDC-M13,238,138,261,0.0002182954659910103,0.0,0.0
dp_PD-T7-3,45,181,261,0.004902491504467123,0.0,0.0
dp_df_radar_II,181,126,261,0.0005345068905880888,0.0,0.0
